{
  "forward": {
    "macro_f1": 0.2957779328415247,
    "accuracy": 0.3862508858965273,
    "adjacent_acc": 0.9032600992204111,
    "kappa": 0.6470250254633375,
    "confusion_matrix": [
      [
        0,
        116,
        64,
        1,
        1,
        0
      ],
      [
        0,
        116,
        423,
        123,
        11,
        0
      ],
      [
        0,
        5,
        241,
        322,
        55,
        0
      ],
      [
        0,
        0,
        98,
        461,
        332,
        5
      ],
      [
        0,
        0,
        6,
        100,
        261,
        10
      ],
      [
        0,
        0,
        1,
        6,
        53,
        11
      ]
    ]
  },
  "backward": {
    "macro_f1": 0.20052887723490068,
    "accuracy": 0.2930827668932427,
    "adjacent_acc": 0.843062774890044,
    "kappa": 0.5095684429985525,
    "confusion_matrix": [
      [
        29,
        95,
        0,
        0,
        0,
        0
      ],
      [
        195,
        1056,
        19,
        1,
        0,
        0
      ],
      [
        30,
        2374,
        747,
        154,
        0,
        0
      ],
      [
        1,
        859,
        1435,
        1024,
        11,
        0
      ],
      [
        0,
        120,
        379,
        1169,
        76,
        0
      ],
      [
        0,
        2,
        9,
        169,
        50,
        0
      ]
    ]
  }
}