{
  "mean_macro_f1_by_layer": [
    0.4905801119048168,
    0.48804295674414144,
    0.5024522567340832,
    0.5003410369833692,
    0.5116543001708922,
    0.5080948860952869,
    0.5243916530876788,
    0.5222975451482329,
    0.5214236237750128,
    0.5254020094126005,
    0.5271339852772032,
    0.5250293559023318,
    0.535075855841464
  ],
  "std_macro_f1_by_layer": [
    0.014815283808361912,
    0.017889889068013306,
    0.016468128963505618,
    0.007377710457515809,
    0.020900654180023855,
    0.019336619507393446,
    0.01775919207374907,
    0.017647931329536796,
    0.017906902971164762,
    0.008687656242340889,
    0.012412078209433092,
    0.008017862347623146,
    0.005633314456092106
  ],
  "pooling": "mean"
}