{
  "mean_macro_f1_by_layer": [
    0.4257106169816006,
    0.42017612835298906,
    0.44011818149706433,
    0.45060592604199545,
    0.4543848506125044,
    0.45398014017864546,
    0.44451282082989546,
    0.4439277758907013,
    0.4715978419292619,
    0.45998926126458184,
    0.47297784446542634,
    0.4641047728581603,
    0.4741589694334009
  ],
  "std_macro_f1_by_layer": [
    0.03922374358042388,
    0.02437565172116868,
    0.02436545724912309,
    0.021786412798048948,
    0.034915264203573645,
    0.030240773789678883,
    0.022464015923866817,
    0.020326635909485705,
    0.017905571011575028,
    0.01735435002512398,
    0.026158394936701284,
    0.023809566382129832,
    0.0233205140673115
  ],
  "pooling": "mean"
}