{
  "method": "tool",
  "dataset_key": "readme_en",
  "model_idx": 2,
  "model_name": "meta-llama/Meta-Llama-3.1-70B-Instruct",
  "cot": true,
  "few_shots": 4,
  "n_samples": 300,
  "accuracy": 0.3333333333333333,
  "macro_f1": 0.2677151822494863,
  "adjacent_accuracy": 0.72,
  "average_token_usage": 6558.256666666667,
  "average_elapsed_time": 13.603998006184895,
  "average_total_tool_calls": 3.6533333333333338,
  "average_tool_calls_by_tool": {
    "analyze_vocabulary": 0.9433333333333334,
    "analyze_grammar": 0.8933333333333333,
    "analyze_cohesion": 0.8966666666666666,
    "analyze_task_achievement": 0.8933333333333333,
    "compose_cefr_features": 0.02666666666666667
  }
}